Theta1,Theta2,Omega1,Omega2
-1,-39,-1.591290723656967,31.930874635649584
-1,-40,-1.246930788276175,30.95086179761153
-1,-41,-0.9166057418711283,30.019655876191912
0,-39,-1.9084820886390106,32.79175714134286
0,-40,-1.5579511574190674,31.794182285995344
0,-41,-1.221706623066979,30.84628897653763
1,-39,-2.2250921114889737,33.64265096015
1,-40,-1.8684969595472023,32.62781795845767
1,-41,-1.5264353605905037,31.66352599844638
1,-42,-1.1978403815693013,30.746197955676386
2,-39,-2.5410243497268286,34.48329690157101
2,-40,-2.1784735994009203,33.45151488149709
2,-41,-1.830699131116281,32.471118003604545
2,-42,-1.496616192667037,31.53846940086762
2,-43,-1.1752398653380083,30.650271816301817
3,-39,-2.8561825673322954,35.31343889670858
3,-40,-2.487786655092911,34.265022149051504
3,-41,-2.1344052529523365,33.26881899166402
3,-42,-1.7949361199744374,32.32113392275932
3,-43,-1.468378458261994,31.41861652589613
3,-44,-1.1538213529493548,30.558222299145907
4,-39,-3.1704707640592913,36.132824076269266
4,-40,-2.7963419068700324,35.06809195892659
4,-41,-2.437461214271898,34.05638597517636
4,-42,-2.0927092923517545,33.0939531141563
4,-43,-1.7610697688830912,32.17739082053768
4,-44,-1.4416175534228168,31.303607214119353
4,-45,-1.1335086611609546,30.46978661560794
5,-39,-3.4837932046785176,36.941202847589786
5,-40,-3.104045365813548,35.86047968827876
5,-41,-2.7397747012933715,34.83357905360902
5,-42,-2.3898450052060976,33.85669156684639
5,-43,-2.0532246405927195,32.926363570225924
5,-44,-1.7289746232242436,32.03945674709054
5,-45,-1.4162382926173438,31.193113129908326
5,-46,-1.114232328675903,30.384724674684065
6,-39,-3.7960544481393397,37.73832897066548
6,-40,-3.410803302469076,36.641943968129596
6,-41,-3.041253626400044,35.60016148642152
6,-42,-2.6862527481209,34.609116943308074
6,-43,-2.344754080186791,33.66530663060582
6,-44,-2.015805030606485,32.765546751163356
6,-45,-1.6985365241703925,31.906937919774858
6,-46,-1.3921538889052496,31.08683429666379
6,-47,-1.095928904258089,30.302816663691253
7,-39,-4.107159376642048,38.52395963315729
7,-40,-3.7165222753974763,37.412246756889274
7,-41,-3.3418061561908265,36.355899765178734
7,-42,-2.981842232426314,35.3510000474828
7,-43,-2.6355692849738945,34.39399491246289
7,-44,-2.302021404248858,33.4816560522888
7,-45,-1.9803173650440848,32.61104354726158
7,-46,-1.6696513855739414,31.77947456777182
7,-47,-1.369285064488869,30.984496074103284
7,-48,-1.0785403239882676,30.223860931180155
8,-39,-4.417013224611687,39.297855524354866
8,-40,-4.021109159638032,38.17115341286623
8,-41,-3.6413407394536272,37.10056368467996
8,-42,-3.2765234187019727,36.082114894590205
8,-43,-2.9255816698254575,35.112206450287495
8,-44,-2.5875365598713143,34.18756651663662
8,-45,-2.261494982064621,33.305215534973534
8,-46,-1.946640290256309,32.46243450307183
8,-47,-1.6422241272244462,31.6567373068576
8,-48,-1.347559272639034,30.88584651311155
8,-49,-1.0620133649343722,30.147672128856016
9,-39,-4.7255216075645405,40.05978090807285
9,-40,-4.324471175075204,38.91843276574135
9,-41,-3.939766135052734,37.83392641308161
9,-42,-3.5702065442039017,36.80223877996545
9,-43,-3.214702894159654,35.81972246988778
9,-44,-2.8722635267916075,34.8830631170411
9,-45,-2.5419837258060265,33.989242431398665
9,-46,-2.2230362294487374,33.13550606635155
9,-47,-1.9146629525822914,32.31933559076256
9,-48,-1.6161677416812557,31.53842396699714
9,-49,-1.3269100150950544,30.79065403420311
9,-50,-1.0462991645461324,30.07407957623509
10,-39,-5.032590550858575,40.80950369445844
10,-40,-4.626515914700357,39.65385718698472
10,-41,-4.2369914397217325,38.555764560992365
10,-42,-3.8628021502071017,37.51115234689701
10,-43,-3.502844888850759,36.51632745503029
10,-44,-3.156115574417397,35.567933998500294
10,-45,-2.8216981566798043,34.66291587531802
10,-46,-2.4987550102706413,33.7984842334926
10,-47,-2.1865185530570193,32.972089091962125
10,-48,-1.8842839103731936,32.181394511422816
10,-49,-1.59140247561107,31.424256808055617
10,-50,-1.307276241582557,30.698705384277083
10,-51,-1.0313527967615537,30.002925817453306
11,-39,-5.338126518319015,41.546795510688135
11,-40,-4.927151372759816,40.37720265919337
11,-41,-4.532926115753528,39.26585824951975
11,-42,-4.1542211092555394,38.20863965344502
11,-43,-3.7899198830558976,37.20180921308839
11,-44,-3.4390062386652427,36.24197054270923
11,-45,-3.100553070960654,35.32603065927453
11,-46,-2.7737126461104333,34.45116705492287
11,-47,-2.4577081187992054,33.61479897541648
11,-48,-2.1518261079325613,32.81456229133213
11,-49,-1.8554101795167526,32.04828744887079
11,-50,-1.5678551096119242,31.313980069273974
11,-51,-1.2886018201887375,30.60980383345239
12,-39,-5.6420364407303865,42.27143177053243
12,-40,-5.2262859727807545,41.0882488443293
12,-41,-4.8274800185790285,39.96399117724743
12,-42,-4.444374652311258,38.89448823821918
12,-43,-4.07584043095088,37.87595893967817
12,-44,-3.7208493482983878,36.90496743160701
12,-45,-3.378463526740354,35.97838479208129
12,-46,-3.047825382208661,35.09335571713223
12,-47,-2.728149042840053,34.24726946546905
12,-48,-2.418712838414246,33.437734437685705
12,-49,-2.118852707507997,32.66255587087029
12,-50,-1.8279563937867513,31.919716212596445
12,-51,-1.545458323018527,31.207357806679987
12,-52,-1.27083506906756,30.523767579649316
13,-39,-5.944227744186275,42.98319174276687
13,-40,-5.523828595466212,41.78677915083644
13,-41,-5.12056342422602,40.64995068612264
13,-42,-4.733174395794256,39.56848918509662
13,-43,-4.360519438367046,38.53857128226227
13,-44,-4.001559051175364,37.55672270991868
13,-45,-3.655344869801899,36.61977956034995
13,-46,-3.3210097211705216,35.724854603233204
13,-47,-2.997758946254279,34.8693079054817
13,-48,-2.684862805534751,34.05072112621096
13,-49,-2.3816498124387415,33.26687496194224
13,-50,-2.087500864736221,32.515729301147324
13,-51,-1.80184406427193,31.7954057164072
13,-52,-1.5241501322624416,31.104171979655614
13,-53,-1.2539283413862727,30.440428333463114
14,-39,-6.244608378288257,43.68185861840894
14,-40,-5.8196886064509625,42.472580799616615
14,-41,-5.412087056649984,41.32352782623395
14,-42,-5.020532368505007,40.230437186859724
14,-43,-4.643870189320983,39.18944440270226
14,-44,-4.281049840401381,38.19703784667276
14,-45,-3.9311127594059814,37.25001958902075
14,-46,-3.5931824483999697,36.34547135254759
14,-47,-3.266455703253534,35.48072481651977
14,-48,-2.95019493743584,34.653335635224416
14,-49,-2.6437214437650605,33.861060640637355
14,-50,-2.346409462700216,33.101837783566125
14,-51,-2.057680946368509,32.373768437544186
14,-52,-1.7770009245622584,31.675101747564018
14,-53,-1.5038733930861525,31.004220753734085
14,-54,-1.2378376566236335,30.359630059941466
15,-39,-6.543086844185338,44.367219576760185
15,-40,-6.113775883909597,43.145444888844104
15,-41,-5.701962114928423,41.98451741945938
15,-42,-5.306361038421322,40.88013060773469
15,-43,-4.925806372429069,39.82838003874052
15,-44,-4.559236580374547,38.82571779567573
15,-45,-4.205683193982002,37.868912900875685
15,-46,-3.864260657447693,36.9550169192015
15,-47,-3.5341574662027044,36.08133395506921
15,-48,-3.2146284113798074,35.24539440250899
15,-49,-2.9049877719293047,34.44493191224185
15,-50,-2.6046033216116955,33.67786312553135
15,-51,-2.312891038915614,32.94226979520336
15,-52,-2.0293104251662624,32.23638297263652
15,-53,-1.7533603503821484,31.558568988018845
15,-54,-1.4845753583481252,30.907316991576383
15,-55,-1.2225223723332135,30.28122785727885
16,-39,-6.83957222244537,45.039065850233435
16,-40,-6.406000846008517,43.80516645759914
16,-41,-5.99010030031051,42.632718121965695
16,-42,-5.590573339361459,41.517371544811844
16,-43,-5.206242107198757,40.45518356439279
16,-44,-4.8360345327190135,39.442571054924954
16,-45,-4.478972536715772,38.47627097501663
16,-46,-4.134161775265227,37.55330562971054
16,-47,-3.8007826905515225,36.670952369768216
16,-48,-3.478082678368864,35.826717081228765
16,-49,-3.1653692126769717,35.018310923910335
16,-50,-2.86200379312005,34.24362986414375
16,-51,-2.56739660244679,33.50073661836398
16,-52,-2.2810017781563885,32.7878446831747
16,-53,-2.002313217130238,32.10330417647513
16,-54,-1.7308608440370612,31.445589255049768
16,-55,-1.4662072843587868,30.813286908156062
16,-56,-1.2079448913267348,30.205086955294288
17,-39,-7.133974200750024,45.697192787945475
17,-40,-6.696274478193422,44.45154454830101
17,-41,-6.2764138431137155,43.26793248553963
17,-42,-5.87308269750533,42.14196588832863
17,-43,-5.485091970188594,41.069664049233204
17,-44,-5.111359382097104,40.04740972494209
17,-45,-4.750897541026072,39.07190880429056
17,-46,-4.4028035873574884,38.14015523953773
17,-47,-4.066250159673793,37.24940045713591
17,-48,-3.7404774876811464,36.397126594864396
17,-49,-3.4247864512988366,35.5810230188414
17,-50,-3.118532470548169,34.79896566137405
17,-51,-2.8211201121019296,34.048998792621724
17,-52,-2.5319983159083264,33.3293188985994
17,-53,-2.250656159875544,32.63826038748756
17,-54,-1.9766190927456777,31.9742828874158
17,-55,-1.7094455754420748,31.335959933346043
17,-56,-1.4487240796968486,30.721968869604062
17,-57,-1.1940703999415263,30.131081818963278
18,-39,-7.426203101404767,46.34139991805566
18,-40,-6.984508360303995,45.084382267921676
18,-41,-6.560815529459323,43.88996701773261
18,-42,-6.153803057765707,42.753723380797446
18,-43,-5.76227102102903,41.67163431655343
18,-44,-5.385127261892552,40.640049566009054
18,-45,-5.021375375922402,39.65564495164464
18,-46,-4.67010426282613,38.71538698860697
18,-47,-4.3304790096067745,37.8165020162813
18,-48,-4.001732911315862,36.95644919115234
18,-49,-3.68316046679098,36.132896789479815
18,-50,-3.3741112127758566,35.34370135655873
18,-51,-3.0739842812421196,34.58688931200717
18,-52,-2.7822235824452184,33.86064068061921
18,-53,-2.4983135309519597,33.163274668212054
18,-54,-2.221775244130704,32.49323684347248
18,-55,-1.952163152843313,31.84908772158206
18,-56,-1.68906197267818,31.229492574585755
18,-57,-1.4320839913057115,30.63321231804795
18,-58,-1.1808666336550107,30.059095344304474
19,-39,-7.716169908655579,46.97149100883158
19,-40,-7.27061469350757,45.70348684796134
19,-41,-6.843218727838615,44.498632240800326
19,-42,-6.432648910001458,43.352457674959844
19,-43,-6.037694828296094,42.26091100037868
19,-44,-5.657254779757125,41.220310054289186
19,-45,-5.290323651236071,40.22730160539359
19,-46,-4.935982379295993,39.278825655755114
19,-47,-4.593388753683137,38.372084302575864
19,-48,-4.2617693683401345,37.504514495011506
19,-49,-3.9404125559253655,36.673764129728916
19,-50,-3.628662168042381,35.8776710179281
19,-51,-3.3259120849918875,35.11424432985747
19,-52,-3.031601356726897,34.381648183472336
19,-53,-2.7452098915251395,33.678187094212745
19,-54,-2.466254621253549,33.0022930448176
19,-55,-2.1942860824371633,32.35251396916903
19,-56,-1.9288853610203232,31.72750347360234
19,-57,-1.6696613560132347,31.126011643909955
19,-58,-1.4162483233879848,30.54687680721505
20,-39,-8.003786295803994,47.58727412842316
20,-40,-7.554506327043481,46.30866970316748
20,-41,-7.123537415501654,45.09374274941958
20,-42,-6.709535315064758,43.93798639054976
20,-43,-6.311279495229987,42.83731460132255
20,-44,-5.927659043012731,41.78801443681669
20,-45,-5.5576604427170535,40.786704633382904
20,-46,-5.200356947717191,39.83029961210598
20,-47,-4.85489930704797,38.91597808027313
20,-48,-4.520507649130122,38.0411555604411
20,-49,-4.196464357223581,37.20346028615738
20,-50,-3.882107797660882,36.400711993150594
20,-51,-3.5768267837017307,35.63090320872556
20,-52,-3.280055675867531,34.892182703226254
20,-53,-2.9912700345719125,34.18284081817661
20,-54,-2.7099827533276137,33.50129642800086
20,-55,-2.435740611233782,32.846085327595176
20,-56,-2.1681211921959678,32.21584986770964
20,-57,-1.906730125697348,31.609329685100775
20,-58,-1.6511986101621487,31.025353395535895
20,-59,-1.4011811852250138,30.4628311356324
21,-39,-8.288964652112297,48.18856170332695
21,-40,-7.8360967847700245,46.89974648897989
21,-41,-7.401686204660675,45.675117267164445
21,-42,-6.98437793067436,44.5101311698483
21,-43,-6.582941685290902,43.40066954126447
21,-44,-6.196257683901311,42.34298978533715
21,-45,-5.823304316988922,41.33368363603123
21,-46,-5.463147437035123,40.369640873350235
21,-47,-5.1149310110534145,39.44801767405959
21,-48,-4.7778689394990455,38.56620892137403
21,-49,-4.451237874826526,37.721823908184675
21,-50,-4.134370899637392,36.912664958878345
21,-51,-3.826651946323765,36.13670856931198
21,-52,-3.527510858274683,35.39208872612061
21,-53,-3.236419007789076,34.677082117690645
21,-54,-2.952885398402826,33.990094991757836
21,-55,-2.6764531898446675,33.32965145024335
21,-56,-2.4066965926534083,32.69438300186529
21,-57,-2.14321808691426,32.083019218263054
21,-58,-1.885645925844139,31.494379360663114
21,-59,-1.6336318902706093,30.927364862158193
21,-60,-1.3868492645659904,30.380952566010667
22,-39,-8.57161810949055,48.77517057552282
22,-40,-8.115300291505955,47.476537157683694
22,-41,-7.677580368500011,46.242578701724945
22,-42,-7.2570930371070865,45.06871773201316
22,-43,-6.8525986475440845,43.9508042168324
22,-44,-6.462968884674878,42.885067048983245
22,-45,-6.087174356354217,41.868071998235614
22,-46,-5.724273798721037,40.89668515091496
22,-47,-5.373404657523437,39.96804101952101
22,-48,-5.033774844704737,39.07951464147025
22,-49,-4.7046555022526855,38.228697097230004
22,-50,-4.385374632187324,37.413373969278624
22,-51,-4.075311473693337,36.63150633840402
22,-52,-3.7738915267026423,35.88121397593813
22,-53,-3.4805821364245664,35.1607604420672
22,-54,-3.1948885659804356,34.46853984331085
22,-55,-2.916350494886541,33.803065038188194
22,-56,-2.6445388900145304,33.162957110240974
22,-57,-2.3790532031400793,32.54693595297627
22,-58,-2.119518855510452,31.953811832744172
22,-59,-1.8655849752170808,31.382477813746856
22,-60,-1.6169223577102998,30.8319029448314
22,-61,-1.373221623672481,30.301126120893755
23,-39,-8.851660568957534,49.346922058265704
23,-40,-8.392031799158412,48.038866013253745
23,-41,-7.951135866984714,46.79595419885098
23,-42,-7.527597562699678,45.6135759261664
23,-43,-7.1201682418666135,44.487551051674885
23,-44,-6.7277114025179925,43.41408110576925
23,-45,-6.349190183442786,42.38970694012423
23,-46,-5.983656491155577,41.41127190200764
23,-47,-5.630241512881446,40.47588971250879
23,-48,-5.2881474133294635,39.58091636283492
23,-49,-4.956640046037843,38.72392545480984
23,-50,-4.635042537142212,37.90268650353637
23,-51,-4.322729621709596,37.11514579580802
23,-52,-4.019122631213057,36.35940946038946
23,-53,-3.7236850460241486,35.63372845820316
23,-54,-3.435918539551274,34.93648524372336
23,-55,-3.1553594513163508,34.26618188506477
23,-56,-2.8815756352115343,33.62142946062409
23,-57,-2.6141636367138164,33.000938575708965
23,-58,-2.3527461592011396,32.40351086419745
23,-59,-2.0969697849077735,31.828031358584575
23,-60,-1.8465029206409747,31.27346162733979
23,-61,-1.601033942287985,30.738833591770565
23,-62,-1.3602695154816606,30.223243945934218
24,-39,-9.12900672686725,49.90364199051528
24,-40,-8.66620701262941,48.5865617648732
24,-41,-8.222269372459953,47.33507519500546
24,-42,-7.795809109153193,46.14453978322388
24,-43,-7.385568963968056,45.01074654750645
24,-44,-6.990404594295091,43.929870812888765
24,-45,-6.609271985695496,42.89842956664056
24,-46,-6.241216503857927,41.91324437851896
24,-47,-5.885363342133251,40.97140905739138
24,-48,-5.540909161024657,40.07026135364653
24,-49,-5.207114749248922,39.20735812956902
24,-50,-4.883298563239622,38.38045351231356
24,-51,-4.5688310244078565,37.58747962026012
24,-52,-4.263129472035892,36.82652951649764
24,-53,-3.9656536850865645,36.095842095459076
24,-54,-3.6759018990504706,35.393788652293296
24,-55,-3.393407254690638,34.71886092099519
24,-56,-3.117734624555601,34.06966039789541
24,-57,-2.8484777707198385,33.444888792864226
24,-58,-2.5852567936201685,32.843339472341626
24,-59,-2.3277158372881823,32.26388977674541
24,-60,-2.0755210208945454,31.705494110483663
24,-61,-1.828358570455102,31.16717771616155
24,-62,-1.5859331279108908,30.648031055996352
24,-63,-1.3479662176749667,30.147204733249094
25,-39,-9.403572100893287,50.4451607899871
25,-40,-8.937742415492922,49.11945757911049
25,-41,-8.490898295033425,47.85977746871037
25,-42,-8.06164597663236,46.6614475664512
25,-43,-7.6487199702174555,45.520231333910736
25,-44,-7.250968441115199,44.43227905580049
25,-45,-6.867340539675903,43.39408491594448
25,-46,-6.496875381553183,42.402449674769876
25,-47,-6.13869243269825,41.45444811417613
25,-48,-5.791983094113405,40.54740055468047
25,-49,-5.456003314864928,39.678847863231745
25,-50,-5.130067089289091,38.84652946315111
25,-51,-4.81354071691682,38.04836393430179
25,-52,-4.505837722323681,37.28243185496849
25,-53,-4.206414347620351,36.54696058954443
25,-54,-3.9147655432219524,35.840310769972405
25,-55,-3.6304213933424667,35.16096425555992
25,-56,-3.3529439217308514,34.50751338656931
25,-57,-3.081924230803072,33.87865137290527
25,-58,-2.8169799337759147,33.273163681121964
25,-59,-2.5577528448754645,32.689920301532915
25,-60,-2.3039068973391252,32.12786879298347
25,-61,-2.0551262628899485,31.586028016296947
25,-62,-1.8111136497460776,31.063482478904692
25,-63,-1.5715887591279978,30.55937722302788
25,-64,-1.3362868827172214,30.072913198252525
26,-39,-9.675273055762942,50.97131350480903
26,-40,-9.206555295434825,49.6373911307383
26,-41,-8.756940807733049,48.36990119057023
26,-42,-8.32502718865213,47.164141820730194
26,-43,-7.909541102269113,46.01585021688635
26,-44,-7.509323572706434,44.92115279608666
26,-45,-7.123317235202505,43.87652200661507
26,-46,-6.750555248070569,42.8787387740881
26,-47,-6.390151618081401,41.924859744487065
26,-48,-6.041292733043491,41.012188624713986
26,-49,-5.703229929017735,40.1382510354577
26,-50,-5.3752729472070895,39.30077238479939
26,-51,-5.0567841582936,38.497658348106306
26,-52,-4.747173450792222,37.7269776035333
26,-53,-4.445893695595406,36.98694652539587
26,-54,-4.1524367118857874,36.27591558179811
26,-55,-3.866329670469204,35.59235721980049
26,-56,-3.587131879706851,34.93485505238388
26,-57,-3.3144319069103374,34.302094187548256
26,-58,-3.0478449945551387,33.69285256192066
26,-59,-2.7870107361686878,33.105993159922214
26,-60,-2.531590981424333,32.54045701541928
26,-61,-2.281267943956666,31.995256906317877
26,-62,-2.0357424888188986,31.46947166413123
26,-63,-1.7947325794206797,30.96224103046921
26,-64,-1.5579718662912156,30.472761000923786
26,-65,-1.3252084021709314,30.000279604171602
27,-39,-9.944026828733337,51.481939863767224
27,-40,-9.472563769447836,50.14020465217949
27,-41,-9.020315871432253,48.865290971957705
27,-42,-8.585872516743883,47.65246942052128
27,-43,-8.167952911479574,46.497452226120345
27,-44,-7.765391291592977,45.396343118070156
27,-45,-7.377124099294141,44.34559388364103
27,-46,-7.0021788300652945,43.34196659420006
27,-47,-6.639664301378886,42.382500656384565
27,-48,-6.288762135683769,41.464483984798406
27,-49,-5.948719284085738,40.58542770759028
27,-50,-5.618841444913929,39.74304391046414
27,-51,-5.2984872542295935,38.9352260022428
27,-52,-4.987063144240745,38.16003134925063
27,-53,-4.6840187812824405,37.41566587903507
27,-54,-4.388843008101628,36.70047039832491
27,-55,-4.101060226124342,36.012908407241014
27,-56,-3.8202271625629636,35.351555222927956
27,-57,-3.5459299749511364,34.71508825200987
27,-58,-3.2777816522238807,34.102278273439005
27,-59,-3.0154196769932926,33.51198161209004
27,-60,-2.7585039183725257,32.9431330994217
27,-61,-2.506714728708513,32.39473973114011
27,-62,-2.259751221008947,31.865874943437277
27,-63,-2.0173297067837015,31.355673439354693
27,-64,-1.779182276542331,30.863326505397904
27,-65,-1.545055507359911,30.388077765916954
28,-39,-10.209751554801754,51.97688432512616
28,-40,-9.735686808773886,50.62774498156456
28,-41,-9.280943259535249,49.34579591234639
28,-42,-8.844102504893828,48.12628161650706
28,-43,-8.423876683108462,46.964890660975314
28,-44,-8.019093597067059,45.85770527417564
28,-45,-7.628683819921324,44.8011576631846
28,-46,-7.251669480556756,43.79199203142439
28,-47,-6.887154478610311,42.82723144801364
28,-48,-6.5343159204569154,41.90414886138559
28,-49,-6.192396601633265,41.02024166528326
28,-50,-5.86069838908571,40.173209319954246
28,-51,-5.538576379620348,39.36093360936499
28,-52,-5.225433729944772,38.58146117975446
28,-53,-4.920717069473587,37.83298805839382
28,-54,-4.623912420221516,37.11384589604293
28,-55,-4.334541559106741,36.42248971391581
28,-56,-4.052158767217987,35.75748696729292
28,-57,-3.7763479183713655,35.11750776429731
28,-58,-3.506719865848775,34.501316100639066
28,-59,-3.242910091773262,33.907761990020965
28,-60,-2.9845765883049555,33.33577438595476
28,-61,-2.7313979438709093,32.78435480442537
28,-62,-2.483071611086375,32.25257156854388
28,-63,-2.239312335975733,31.739554606361327
28,-64,-1.9998507306366808,31.244490741638707
28,-65,-1.7644319736740577,30.766619424798876
28,-66,-1.5328146246138676,30.30522885770424
29,-39,-10.472366291642487,52.455996124008266
29,-40,-9.995844263586271,51.09986360938626
29,-41,-9.538743582414877,49.81126964527673
29,-42,-9.099638493746035,48.58543408090267
29,-43,-8.67723446029575,47.41802313517586
29,-44,-8.270353208948775,46.30509872902104
29,-45,-7.87791976955624,45.24307457610542
29,-46,-7.498951202275942,44.228678003653386
29,-47,-7.132546761870183,43.25891665006696
29,-48,-6.777879289301355,42.33104932829499
29,-49,-6.434187655188847,41.442560459993
29,-50,-6.100770107754316,40.59113758071888
29,-51,-5.776978400992482,39.774651494811856
29,-52,-5.462212597914739,38.99113872343592
29,-53,-5.155916459577319,38.2387859430936
29,-54,-4.857573343825362,37.51591615677113
29,-55,-4.5667025487405875,36.82097637739117
29,-56,-4.282856045058372,36.152526634737086
29,-57,-4.005615549633359,35.50923014352882
29,-58,-3.7345898986321737,34.88984449273311
29,-59,-3.4694126847245013,34.29321373517787
29,-60,-3.2097401272963437,33.71826127267895
29,-61,-2.955249148759956,33.16398344564801
29,-62,-2.7056356334970078,32.62944374791302
29,-63,-2.4606128489375134,32.11376759756688
29,-64,-2.2199100108254908,31.61613760332744
29,-65,-1.9832709769165868,31.13578927336107
29,-66,-1.7504530552467095,30.67200711997349
29,-67,-1.5212259147490705,30.224121119158927
30,-39,-10.7317910442627,52.91912931831836
30,-40,-10.252956887404041,51.55641672373705
30,-41,-9.793638311595423,50.26157038294053
30,-42,-9.352402644562863,49.02978695141959
30,-43,-8.927949067808177,47.85671162018072
30,-44,-8.51909359112633,46.73838720222602
30,-45,-8.124756028514225,45.671210010230865
30,-46,-7.743948670814937,44.65189149210963
30,-47,-7.3757664022918545,43.67742476705012
30,-48,-7.019378050455476,42.74505534750891
30,-49,-6.674018792855279,41.85225544932353
30,-50,-6.33898347274861,40.99670138776125
30,-51,-6.013620698780821,40.1762536361077
30,-52,-5.697327623013742,39.38893918854658
30,-53,-5.389545307580974,38.63293592316768
30,-54,-5.089754603532312,37.906558706013136
30,-55,-4.797472476539444,37.208247014769164
30,-56,-4.512248723458474,36.53655389235093
30,-57,-4.233663031595663,35.89013606727296
30,-58,-3.961322339154661,35.26774510020916
30,-59,-3.694858460963019,34.66821943522521
30,-60,-3.4339259483515066,34.09047725038334
30,-61,-3.178200156130147,33.53351001624639
30,-62,-2.9273754930836,32.996376682628046
30,-63,-2.6811638353890186,32.47819842406918
30,-64,-2.4392930849202545,31.978153883229798
30,-65,-2.201505856607171,31.49547485889144
30,-66,-1.9675582809218986,31.029442391747576
30,-67,-1.7372189092100891,30.579383206774217
30,-68,-1.510267711012303,30.144666475845472
31,-39,-10.987946789369634,53.36614283319897
31,-40,-10.506946361231293,51.99726525411558
31,-41,-10.045549803673145,50.696560959370906
31,-42,-9.602317962935404,49.45920487386886
31,-43,-9.17594413554756,48.280822487227695
31,-44,-8.765238974869717,47.157438709924286
31,-45,-8.369117408079651,46.08543355136023
31,-46,-7.986587257571492,45.061503581864805
31,-47,-7.616739312816741,44.08262831733652
31,-48,-7.258738641057186,43.14604080878332
31,-49,-6.911816959744737,42.24920183621228
31,-50,-6.575265921969996,41.38977720241693
31,-51,-6.248431189449059,40.56561770134987
31,-52,-5.930707186927525,39.77474140121119
31,-53,-5.621532447874248,39.01531793671391
31,-54,-5.320385474681462,38.285654550264205
31,-55,-5.026781047747791,37.584183659662074
31,-56,-4.740266927186275,36.90945176171161
31,-57,-4.460420898786124,36.26010950789545
31,-58,-4.186848122518453,35.63490281088138
31,-59,-3.9191787475214315,35.03266485979402
31,-60,-3.65706576229761,34.452308938475404
31,-61,-3.400183052944865,33.892821954847406
31,-62,-3.148223645736877,33.35325860136246
31,-63,-2.900898113363246,32.83273607670812
31,-64,-2.657933126711386,32.33042930767999
31,-65,-2.419070136287367,31.84556661767628
31,-66,-2.184064169284558,31.37742579478019
31,-67,-1.9526827299625462,30.925330518035594
31,-68,-1.7247047924323546,30.488647105416494
31,-69,-1.4999198761889934,30.066781551249278
32,-39,-11.2407554994419,53.79690050400316
32,-40,-10.757735317413836,52.42227491378887
32,-41,-10.294401323967246,51.11610887222444
32,-42,-9.849308322236693,49.87355704339151
32,-43,-9.421144121813892,48.69022654803822
32,-44,-9.008714381910584,47.56212560496712
32,-45,-8.610929473409113,46.48561902299024
32,-46,-8.22679305248158,45.45738950110835
32,-47,-7.855392090761932,44.47440387199946
32,-48,-7.495888149551854,43.53388356806229
32,-49,-7.147509720231986,42.63327870694453
32,-50,-6.809545481495519,41.770245289984985
32,-51,-6.481338347447083,40.94262508647225
32,-52,-6.162280199980118,40.14842784233842
32,-53,-5.851807214926889,39.38581550646674
32,-54,-5.5493957048753,38.6530882132578
32,-55,-5.254558412753468,37.94867179812609
32,-56,-4.966841199688064,37.2711066545158
32,-57,-4.685820078561757,36.61903776790228
32,-58,-4.411098551385213,35.991205784954346
32,-59,-4.1423052142674095,35.38643899527747
32,-60,-3.8790915985857306,34.80364611951779
32,-61,-3.6211302210633414,34.24180981155385
32,-62,-3.368112818970132,33.69998079442662
32,-63,-3.119748749670513,33.177272559880244
32,-64,-2.8757635363241456,32.672856570171156
32,-65,-2.635897543769989,32.185957908374434
32,-66,-2.3999047705437495,31.71585132995576
32,-67,-2.167551744639398,31.261857674040773
32,-68,-1.9386165120650425,30.82334059772905
32,-69,-1.7128877084935739,30.399703601076293
33,-39,-11.490140166497385,54.211271117771545
33,-40,-11.00524736320617,52.83131624069745
33,-41,-10.540117069893961,51.520086323142635
33,-42,-10.093298486810633,50.27271724430274
33,-43,-9.663474336316046,49.08479909416942
33,-44,-9.249445647281345,47.952324615806056
33,-45,-8.850118566205024,46.87164452474954
33,-46,-8.464492886533153,45.83942865915425
33,-47,-8.091652040179381,44.85263209240975
33,-48,-7.730754337901869,43.90846548468426
33,-49,-7.381025280018967,43.004369067984776
33,-50,-7.041750787501826,42.137989756200255
33,-51,-6.712271226998343,41.30716095137319
33,-52,-6.391976122788449,40.50988468341831
33,-53,-6.080299464814134,39.74431577527735
33,-54,-5.776715535379222,39.008747771140776
33,-55,-5.4807351883645765,38.30160040354337
33,-56,-5.191902524245549,37.6214084071797
33,-57,-4.909791912148896,36.966811514268414
33,-58,-4.634005316901953,36.33654548909057
33,-59,-4.364169894717708,35.72943407864684
33,-60,-4.099935825995319,35.144381772801694
33,-61,-3.840974357837806,34.58036728128382
33,-62,-3.5869760324110884,34.03643764688176
33,-63,-3.337649080286944,33.51170292443516
33,-64,-3.092717960505596,33.00533136404199
33,-65,-2.851922031326272,32.516545044501335
33,-66,-2.615014337561433,32.04461590957788
33,-67,-2.3817605020572823,31.588862165358016
33,-68,-2.151937710328352,31.148645001903127
33,-69,-1.925333778609033,30.723365606697882
33,-70,-1.7017462966771284,30.31246244113484
34,-39,-11.736024825550674,54.609128453201095
34,-40,-11.249407104041449,53.22426463689064
34,-41,-10.78262219405678,51.90837025668051
34,-42,-10.33421413488951,50.65656388853859
34,-43,-9.90286096292318,49.464419935001395
34,-44,-9.48735944190655,48.3279168840424
34,-45,-9.08661182715265,47.24339246953078
34,-46,-8.699614354054098,46.20750468317405
34,-47,-8.325447193999798,45.21719776658749
34,-48,-7.9632656635910575,44.26967245736869
34,-49,-7.6122925080040575,43.36235988161425
34,-50,-7.271811108003296,42.492898582535936
34,-51,-6.941159483710621,41.65911425489686
34,-52,-6.619724987749317,40.85900182119558
34,-53,-6.306939596583214,40.09070954049097
34,-54,-6.00227572237077,39.35252488656642
34,-55,-5.705242478944232,38.64286197044179
34,-56,-5.415382344999066,37.960250314396006
34,-57,-5.1322681755573685,37.30332481174176
34,-58,-4.855500519508549,36.67081672947081
34,-59,-4.584705206741416,36.061545630277045
34,-60,-4.319531173235335,35.47441210694632
34,-61,-4.059648496614519,34.90839123615238
34,-62,-3.8047466182047547,34.362526670711276
34,-63,-3.554532730660987,33.83592529964416
34,-64,-3.308730312836441,33.3277524142495
34,-65,-3.0670777958046176,32.83722732601283
34,-66,-2.829327345879681,32.36361938877077
34,-67,-2.5952437521536136,31.906244383251522
34,-68,-2.3646034075188105,31.464461227065925
34,-69,-2.1371933734043993,31.03766897753173
34,-70,-1.9128105195505263,30.625304098469744
34,-71,-1.6912607311005432,30.226837965393706
35,-39,-11.978334577752667,54.99035131909329
35,-40,-11.490140166497385,53.60100040648044
35,-41,-11.021842827045683,52.28084239779056
35,-42,-10.571981881233125,51.02498005269285
35,-43,-10.139231082149836,49.82897343434857
35,-44,-9.72238329493964,48.68878800063282
35,-45,-9.320337218113737,47.60074961930879
35,-46,-8.932085834767744,46.5615054536452
35,-47,-8.556706335954505,45.56798984429671
35,-48,-8.193351301417227,44.61739445897268
35,-49,-7.841240957949275,43.70714210036317
35,-50,-7.499656364397643,42.834863660325404
35,-51,-7.16793339600364,41.998377788657606
35,-52,-6.845457420352198,41.195672911208064
35,-53,-6.531658573454476,40.42489128721113
35,-54,-6.22600755803193,39.684314841695155
35,-55,-5.928011897396871,38.972352547242195
35,-56,-5.637212587830308,38.287529161637345
35,-57,-5.353181100362171,37.62847515511203
35,-58,-5.075516689620611,36.993917683837054
35,-59,-4.803843973146108,36.382672485772225
35,-60,-4.537810749435745,35.793636591514826
35,-61,-4.277086027132467,35.225781756885226
35,-62,-4.021358241321106,34.67814853603962
35,-63,-3.77033363593174,34.149840924230915
35,-64,-3.5237347938616046,33.640021508218446
35,-65,-3.281299298674914,33.14790706997945
35,-66,-3.042778513680065,32.67276459598442
35,-67,-2.807936465862341,32.21390765002316
35,-68,-2.5765488236049072,31.770693072535884
35,-69,-2.348401958394769,31.342517973726377
35,-70,-2.1232920818098555,30.928816991502273
35,-71,-1.9010244500421052,30.529059788581453
35,-72,-1.681412629048188,30.142748765987253
36,-39,-12.216995613205555,55.3548235912702
36,-40,-11.727373220951113,53.96140879210185
36,-41,-11.25770609993848,52.637389287850304
36,-42,-10.80652929948263,51.377853513632985
36,-43,-10.372512693367941,50.17834854568356
36,-44,-9.954445615838244,49.03482804073937
36,-45,-9.551223544070053,47.943607119633946
36,-46,-9.161836515609059,46.90132313850375
36,-47,-8.785359022268608,45.90490147087231
36,-48,-8.420941165066216,44.95152557000608
36,-49,-8.067800889938896,44.03861070022773
36,-50,-7.725217152812599,43.163780823693294
36,-51,-7.392523886346909,42.324848209696505
36,-52,-7.069104660311405,41.51979540018037
36,-53,-6.754387943850666,40.74675922044048
36,-54,-6.4478428914782295,40.00401657009252
36,-55,-6.14897558599963,39.28997176792306
36,-56,-5.85732568109839,38.60314525659643
36,-57,-5.572463394346379,37.94216350043483
36,-58,-5.293986808181378,37.30574993250868
36,-59,-5.021519442140702,36.692716826781385
36,-60,-4.754708064523122,36.10195798763682
36,-61,-4.4932207158134885,35.532442163255126
36,-62,-4.236744919761386,34.98320710138914
36,-63,-3.984986061052946,34.4533541764552
36,-64,-3.7376659111333783,33.94204352575779
36,-65,-3.49452128599217,33.44848964034158
36,-66,-3.2553028216691264,32.97195736259396
36,-67,-3.0197738549224797,32.511758248461454
36,-68,-2.787709397959749,32.06724725712633
36,-69,-2.558895197399131,31.63781973532444
36,-70,-2.3331268687322755,31.222908667265003
36,-71,-2.110209098520552,30.82198216441596
36,-72,-1.889954907396334,30.43454117231102
36,-73,-1.6721849676747347,30.060117374073435
37,-39,-12.45193523344596,55.702434247946975
37,-40,-11.961034003916133,54.305380009869296
37,-41,-11.490140166497383,52.97790231922315
37,-42,-11.037784944222308,51.71507678268442
37,-43,-10.602634736738853,50.51243884596293
37,-44,-10.183475716171388,49.36593159721367
37,-45,-9.779200474810068,48.2718605327903
37,-46,-9.388796412295022,47.226854225990984
37,-47,-9.011335603118841,46.227830019769144
37,-48,-8.645965928460834,45.27196401089563
37,-49,-8.291903291622898,44.35666471266139
37,-50,-7.948424765246947,43.47954988128537
37,-51,-7.6148625423014105,42.63842607196072
37,-52,-7.290598582511128,41.83127055726247
37,-53,-6.97505986224794,41.05621529608859
37,-54,-6.667714149518127,40.311532687515026
37,-55,-6.368066237072428,39.59562288259293
37,-56,-6.075654576222824,38.907002459553276
37,-57,-5.790048261998995,38.244294295201406
37,-58,-5.510844327076375,37.606218488361954
37,-59,-5.23766530766867,36.99158421079478
37,-60,-4.970157049474152,36.39928237762826
37,-61,-4.707986725937666,35.82827904353159
37,-62,-4.450841044656829,35.27760944296562
37,-63,-4.198424620816529,34.74637260324021
37,-64,-3.950458499161035,34.23372646803522
37,-65,-3.7066788082735282,33.73888347673646
37,-66,-3.4668355328838776,33.26110655158433
37,-67,-3.230691391613204,32.79970545038881
37,-68,-2.998020809026822,32.35403344755986
37,-69,-2.768608972137794,31.92348431054868
37,-70,-2.542250962608972,31.507489542584583
37,-71,-2.3187509568655327,31.10551586590394
37,-72,-2.0979214871712863,30.717062922567692
37,-73,-1.879582757458089,30.34166117250936
38,-39,-12.683081873589648,56.03307740355024
38,-40,-12.191051340054418,54.63280928281769
38,-41,-11.719074225054092,53.302277768341106
38,-42,-11.265678372742551,52.03654713837265
38,-43,-10.829527114858923,50.83114256804484
38,-44,-10.409403831151835,49.681997812704935
38,-45,-10.004198566352212,48.585409869608355
38,-46,-9.612896390642481,47.53799955618417
38,-47,-9.234567243849598,46.536677123822884
38,-48,-8.868357046878288,45.5786121729881
38,-49,-8.513479899238803,44.66120725533092
38,-50,-8.169211210499675,43.78207464678773
38,-51,-7.834881637358698,42.93901585659571
38,-52,-7.509871717757,42.13000350410422
38,-53,-7.193607109842242,41.353165250836994
38,-54,-6.885554357236482,40.60676952157432
38,-55,-6.585217113480569,39.88921278696132
38,-56,-6.292132768107151,39.19900821266036
38,-57,-6.005869424861558,38.53477550744486
38,-58,-5.726023189404596,37.89523182576406
38,-59,-5.452215729605522,37.27918359991204
38,-60,-5.184092076440918,36.6855191935997
38,-61,-4.921318637697828,36.11320228293506
38,-62,-4.663581400253808,35.5612658829639
38,-63,-4.410584299769556,35.02880694833459
38,-64,-4.1620477392608946,34.51498148560093
38,-65,-3.917707240282486,34.01900012238843
38,-66,-3.677312212411324,33.54012408531152
38,-67,-3.440624828409629,33.07766154429809
38,-68,-3.2074189939129862,32.630964285984696
38,-69,-2.977479401763425,32.199424683202196
38,-70,-2.7506006622151182,31.782472931369586
38,-71,-2.526586501206809,31.379574525933254
38,-72,-2.3052490197382225,30.990227957895275
38,-73,-2.0864080081255962,30.613962607025876
38,-74,-1.8698903095568928,30.250336814598985
39,-39,-12.91036512413088,56.34665234097178
39,-40,-12.417355163857156,54.943596872818645
39,-41,-11.944438540076618,53.61041682730004
39,-42,-11.490140166497385,52.34216665771318
39,-43,-11.053120714111827,51.134362631688205
39,-44,-10.632161140887163,49.98293041038214
39,-45,-10.226149282098195,48.88415961992271
39,-46,-9.834068187627135,47.8346643512016
39,-47,-9.454985945940614,46.83134870521381
39,-48,-9.08804677782956,45.87137664828275
39,-49,-8.732463218405465,44.95214556162765
39,-50,-8.387509234880765,44.07126296822621
39,-51,-8.052514151571039,43.22652600104118
39,-52,-7.726857273327888,42.41590324375611
39,-53,-7.4099631150248575,41.63751863085291
39,-54,-7.101297158395759,40.88963714027075
39,-55,-6.8003620689635165,40.170652050699346
39,-56,-6.506694315397051,39.47907356813654
39,-57,-6.219861141717139,38.813518653774
39,-58,-5.939457849600092,38.17270190845267
39,-59,-5.665105353814332,37.55542738857322
39,-60,-5.396447978741775,36.96058124504417
39,-61,-5.133151468127068,36.3871250910867
39,-62,-4.874901183779141,35.834090016884524
39,-63,-4.621400472018588,35.30057117950086
39,-64,-4.3723691793007164,34.785722905452005
39,-65,-4.127542300714365,34.28875425105366
39,-66,-3.886668747015949,33.80892497233184
39,-67,-3.6495102175532423,33.345541862070476
39,-68,-3.415840167902641,32.89795541658477
39,-69,-3.1854428623197864,32.465556799174365
39,-70,-2.9581125022138917,32.04777507101597
39,-71,-2.733652422824223,31.644074663581222
39,-72,-2.5118743511222967,31.2539530695778
39,-73,-2.2925977187023374,30.876938731968163
39,-74,-2.07564902406961,30.51258911286868
39,-75,-1.8608612393032438,30.16048892611368
40,-39,-13.13371575238978,56.643063542247965
40,-40,-12.639876540987359,55.23764811096156
40,-41,-12.166164463411473,53.90222563395765
40,-42,-11.711101952250015,52.631842246039824
40,-43,-11.273347425721228,51.42200667312426
40,-44,-10.851679791342914,50.26863772326081
40,-45,-10.44498501370992,49.16801878166532
40,-46,-10.052244432177085,48.11675824407287
40,-47,-9.672524567719991,47.111755004123665
40,-48,-9.30496820169442,46.15016825788434
40,-49,-8.948786544682534,45.2293910089251
40,-50,-8.603252342697282,44.34702675603665
40,-51,-8.267693791966355,43.500868926921974
40,-52,-7.941489153321566,42.688882688387864
40,-53,-7.62406197366071,41.90918881934214
40,-54,-7.314876835648781,41.160049379387424
40,-55,-7.0134355682836675,40.43985494468087
40,-56,-6.719273860566722,39.74711321536149
40,-57,-6.431958228615805,39.0804388263262
40,-58,-6.15108329339778,38.43854421635271
40,-59,-5.876269332053258,37.82023143024422
40,-60,-5.607160070711744,37.224384745396215
40,-61,-5.343420690893158,36.649964028445616
40,-62,-5.0847360251796685,36.09599873985337
40,-63,-4.830808920915328,35.56158251472152
40,-64,-4.581358753332432,35.04586825712921
40,-65,-4.33612007177705,34.5480636930114
40,-66,-4.094841364669225,34.06742733329117
40,-67,-3.8572839305309867,33.603264804766155
40,-68,-3.6232208438871654,33.154925511275316
40,-69,-3.39243600612221,32.72179959204461
40,-70,-3.164723272488606,32.30331514792194
40,-71,-2.9398856474321597,31.898935709543622
40,-72,-2.71773454124595,31.508157924391497
40,-73,-2.498089081805073,31.130509442261086
40,-74,-2.2807754757823324,30.765546980912504
40,-75,-2.065626414313062,30.412854555661717
40,-76,-1.852480518575434,30.07204185842249
41,-39,-13.35306572360134,56.92222071765551
41,-40,-12.858547689277945,55.51487342639075
41,-41,-12.384184455194482,54.177615300524536
41,-42,-11.928496422899997,52.905485665362214
41,-43,-11.490140166497385,51.693987073191515
41,-44,-11.067892915011642,50.53903272212576
41,-45,-10.660639101703627,49.436900888585754
41,-46,-10.267358665694704,48.38419530626546
41,-47,-9.887116844816195,47.37781060607744
41,-48,-9.519055242105793,46.414902079167845
41,-49,-9.16238398388925,45.492859145574286
41,-50,-8.816374816508644,44.60928200989792
41,-51,-8.480355012741692,43.76196106672526
41,-52,-8.153701978788217,42.94885868581625
41,-53,-7.835838469163435,42.1680930629336
41,-54,-7.5262283305568625,41.4179238687368
41,-55,-7.224372707189043,40.69673946709657
41,-56,-6.929806649827397,40.003045506862115
41,-57,-6.64209607873026,39.33545471863119
41,-58,-6.360835057637416,38.69267777132191
41,-59,-6.085643341728949,38.07351506304878
41,-60,-5.816164167406388,37.47684933755408
41,-61,-5.552062255953926,36.90163903172529
41,-62,-5.29302200672998,36.34691227193626
41,-63,-5.03874585861766,35.811761447415414
41,-64,-4.788952801107262,35.29533829783834
41,-65,-4.543377018660932,34.79684946009363
41,-66,-4.3017666539752035,34.31555242586621
41,-67,-4.0638826774571415,33.85075186748016
41,-68,-3.8294978517037097,33.40179629447615
41,-69,-3.5983957810539007,32.96807500777592
41,-70,-3.370370037397155,32.54901532210462
41,-71,-3.145223354392575,32.14408003067696
41,-72,-2.9227668831010516,31.75276508907504
41,-73,-2.7028195027739543,31.37459749780987
41,-74,-2.4852071811907632,31.0091333653134
41,-75,-2.2697623795069064,30.655956135096165
41,-76,-2.056323497071996,30.31467496256113
42,-39,-13.568348221639438,57.18403883321454
42,-40,-13.073301999378831,55.77518837358962
42,-41,-12.598432104424155,54.43650194064055
42,-42,-12.14225735798562,53.16301356124397
42,-43,-11.703432899271338,51.950220984025364
42,-44,-11.280734651281367,50.79403304204093
42,-45,-10.873045855755027,49.690724036589536
42,-46,-10.47934536230062,48.63689407385955
42,-47,-10.098697410342815,47.62943446796144
42,-48,-9.730242686077261,46.66549747164679
42,-49,-9.373190472176463,45.74246971662848
42,-50,-9.02681173714475,44.85794884431914
42,-51,-8.690433035229105,44.00972288925598
42,-52,-8.363431107645438,43.195752044833995
42,-53,-8.045228092360986,42.41415249688659
42,-54,-7.73528726340724,41.66318205725131
42,-55,-7.433109232183744,40.94122736843244
42,-56,-7.138228552851991,40.24679248318315
42,-57,-6.850210682035704,39.57848865037778
42,-58,-6.568649249899706,38.93502516181758
42,-59,-6.293163605489796,38.315201134338714
42,-60,-6.023396604153197,37.717898118357354
42,-61,-5.7590126090674945,37.142073438281685
42,-62,-5.49969568250239,36.586754182440686
42,-63,-5.245147945520032,36.05103177065611
42,-64,-4.995088087467249,35.53405703658834
42,-65,-4.74925000889225,35.035035769745676
42,-66,-4.507381583486234,34.553224668750104
42,-67,-4.269243526352032,34.08792766325573
42,-68,-4.03460835737745,33.63849256695521
42,-69,-3.803259449772239,33.20430802849095
42,-70,-3.574990154942809,32.7848007509108
42,-71,-3.349602995850781,32.37943295364626
42,-72,-3.126908921850082,31.987700053916505
42,-73,-2.906726618739492,31.609128547028266
42,-74,-2.688881868417061,31.243274067299005
42,-75,-2.4732069530922716,30.889719613320946
42,-76,-2.259540099511298,30.54807392304132
42,-77,-2.0477249590889772,30.217969985689965
43,-39,-13.779497669369682,57.42843813659073
43,-40,-13.28407405504679,56.01851365810353
43,-41,-12.808842149191069,54.67880669492721
43,-42,-12.35231964385532,53.404347488193324
43,-43,-11.913160653010474,52.19063035429441
43,-44,-11.490140166497389,51.03356100743867
43,-45,-11.082140574709204,49.92941090868688
43,-46,-10.688139948793488,48.874777572362596
43,-47,-10.307201814809964,47.866549942709824
43,-48,-9.938466203867575,46.901878101537044
43,-49,-9.581141795845722,45.97814668828977
43,-50,-9.234499003481034,45.09295151297368
43,-51,-8.897863867627873,44.24407892386288
43,-52,-8.570612654368901,43.42948755933226
43,-53,-8.252167061145727,42.64729216911391
43,-54,-7.9419899528237785,41.89574923691088
43,-55,-7.6395815601001695,41.1732441753053
43,-56,-7.344476082309813,40.478279896634376
43,-57,-7.056238644807914,39.80946659107603
43,-58,-6.7744625679685395,39.1655125664769
43,-59,-6.498766910653165,38.54521602419542
43,-60,-6.228794255944426,37.9474576620123
43,-61,-5.964208711151536,37.37119400946544
43,-62,-5.704694097693158,36.81545141319729
43,-63,-5.449952309547309,36.27932060038527
43,-64,-5.199701821607287,35.76195175733884
43,-65,-4.953676331563844,35.26255006811026
43,-66,-4.711623520902948,34.7803716646753
43,-67,-4.473303922311705,34.31471994604793
43,-68,-4.2384898822614065,33.86494222873499
43,-69,-4.006964608819177,33.43042669532314
43,-70,-3.778521295855563,33.01059961181476
43,-71,-3.552962315788116,32.60492278767127
43,-72,-3.330098473850469,32.21289125544975
43,-73,-3.1097483176188696,31.834031149486744
43,-74,-2.891737496178458,31.467897765343317
43,-75,-2.675898163881233,31.114073783716087
43,-76,-2.4620684241476316,30.772167644278724
43,-77,-2.250091809202175,30.441812056475165
43,-78,-2.0398167920189576,30.122662635667982
44,-39,-13.986449748624853,57.655344181388756
44,-40,-13.490799653071859,56.244775160693635
44,-41,-13.01535049655729,54.904455755009074
44,-42,-12.558619293501888,53.62941393355822
44,-43,-12.11925954260932,52.41514195297554
44,-44,-11.696045673711197,51.25754365578031
44,-45,-11.287859566289214,50.1528887985444
44,-46,-10.89367882431961,49.097773340156465
44,-47,-10.512566545756217,48.08908480265196
44,-48,-10.143662368576104,47.12397196500888
44,-49,-9.786174610909356,46.19981827106947
44,-50,-9.439373351964251,45.31421843177213
44,-51,-9.102584324497014,44.46495778342756
44,-52,-8.775183509452448,43.64999403120903
44,-53,-8.456592339903104,42.86744106301291
44,-54,-8.146273435164899,42.11555456549965
44,-55,-7.843726797467101,41.39271921314818
44,-56,-7.5484864132054215,40.697437233907166
44,-57,-7.2601172089336,40.028318182607684
44,-58,-6.978212319113472,39.38406977660362
44,-59,-6.702390628460581,38.763489667855275
44,-60,-6.43229455666561,38.16545804245809
44,-61,-6.167588057485569,37.58893095293103
44,-62,-5.907954807799154,37.03293430081414
44,-63,-5.653096565306222,36.49655839761389
44,-64,-5.40273167620182,35.97895304115025
44,-65,-5.156593716437497,35.47932305212808
44,-66,-4.914430252152668,34.9969242224664
44,-67,-4.67600170656277,34.53105963273039
44,-68,-4.441080322068049,34.08107630105483
44,-69,-4.209449207629931,33.64636213033613
44,-70,-3.9809014625782386,33.22634312429609
44,-71,-3.7552393689857464,32.820480846364184
44,-72,-3.5322736455963337,32.42827009825329
44,-73,-3.311822757035889,32.0492367976739
44,-74,-3.0937122726856203,31.682936036891924
44,-75,-2.8777742701674627,31.3289503058279
44,-76,-2.663846778891373,30.986887865154987
44,-77,-2.4517732595531614,30.656381256411514
44,-78,-2.2414021158568502,30.337085937525757
44,-79,-2.032586235073682,30.028679033380183
45,-39,-14.189141419796801,57.86468784982925
45,-40,-13.693415822834293,56.453903959914406
45,-41,-13.217894242079737,55.1133803859966
45,-42,-12.761093466053579,53.83814433991916
45,-43,-12.321666788349589,52.6236873916609
45,-44,-11.898388452110662,51.46591275978144
45,-45,-11.490140166497385,50.36108963263194
45,-46,-11.095899379746408,49.30581345057013
45,-47,-10.714729047095112,48.29697126151379
45,-48,-10.345768675463297,47.33171141011998
45,-49,-9.988226462385704,46.407416941656116
45,-50,-9.641372375883204,45.521682200667584
45,-51,-9.304532046002201,44.672292186109665
45,-52,-8.977081358631905,43.85720429205692
45,-53,-8.6584416587129,43.07453211909791
45,-54,-8.34807548370295,42.32253108818524
45,-55,-8.045482759667635,41.59958562773846
45,-56,-7.750197402015742,40.9041977375536
45,-57,-7.461784271027109,40.23497676065789
45,-58,-7.179836439186552,39.59063021755434
45,-59,-6.903972733155052,38.969955577051955
45,-60,-6.633835518153796,38.371832854667076
45,-61,-6.369088696750528,37.795217943896205
45,-62,-6.109415897639051,37.23913659789687
45,-63,-5.85451883308857,36.702678989604486
45,-64,-5.604115806390346,36.18499478732939
45,-65,-5.357940352912078,35.685288690648306
45,-66,-5.115740000340433,35.20281637811653
45,-67,-4.877275135396571,34.73688082413884
45,-68,-4.642317965786875,34.28682894738255
45,-69,-4.410651567434189,33.85204855750458
45,-70,-4.1820690081515535,33.43196557079095
45,-71,-3.956372539893761,33.02604146865215
45,-72,-3.7333728525718453,32.633770975845195
45,-73,-3.512888383158771,32.25467993786456
45,-74,-3.294744674465064,31.888323379204206
45,-75,-3.078773778533378,31.534283726186192
45,-76,-2.8648137001010032,31.1921691798108
45,-77,-2.652707876018425,30.861612225642126
45,-78,-2.4423046868973013,30.542268269125014
45,-79,-2.2334569975994776,30.233814385959
46,-39,-14.387510941038986,58.056405373802875
46,-40,-13.891860845485995,56.64583635310777
46,-41,-13.416411688971433,55.30551694742323
46,-42,-12.959680485916028,54.03047512597238
46,-43,-12.520320735023457,52.81620314538967
46,-44,-12.097106866125337,51.65860484819445
46,-45,-11.68892075870335,50.55394999095854
46,-46,-11.294740016733748,49.4988345325706
46,-47,-10.913627738170353,48.4901459950661
46,-48,-10.544723560990244,47.52503315742301
46,-49,-10.187235803323494,46.60087946348361
46,-50,-9.840434544378393,45.71527962418629
46,-51,-9.503645516911151,44.86601897584168
46,-52,-9.176244701866583,44.051055223623166
46,-53,-8.857653532317244,43.26850225542705
46,-54,-8.547334627579037,42.51661575791379
46,-55,-8.244787989881239,41.793780405562316
46,-56,-7.9495476056195615,41.09849842632132
46,-57,-7.661178401347738,40.42937937502182
46,-58,-7.379273511527615,39.785130969017764
46,-59,-7.103451820874718,39.16455086026941
46,-60,-6.833355749079748,38.56651923487224
46,-61,-6.568649249899706,37.98999214534516
46,-62,-6.309016000213293,37.433995493228274
46,-63,-6.05415775772036,36.89761959002802
46,-64,-5.80379286861596,36.380014233564395
46,-65,-5.557654908851634,35.88038424454221
46,-66,-5.315491444566807,35.39798541488054
46,-67,-5.077062898976911,34.93212082514454
46,-68,-4.842141514482183,34.482137493468954
46,-69,-4.610510400044067,34.04742332275027
46,-70,-4.381962654992376,33.62740431671022
46,-71,-4.156300561399883,33.22154203877831
46,-72,-3.933334838010473,32.829331290667426
46,-73,-3.7128839494500268,32.45029799008803
46,-74,-3.49477346509976,32.083997229306064
46,-75,-3.278835462581602,31.730011498242035
46,-76,-3.064907971305512,31.387949057569124
46,-77,-2.8528344519672983,31.057442448825658
46,-78,-2.642463308270987,30.738147129939893
46,-79,-2.4336474274878213,30.429740225794326
46,-80,-2.22624374676087,30.131919384552447
47,-39,-14.581497887073589,58.23043835429464
47,-40,-14.086074272750684,56.82051387580742
47,-41,-13.610842366894964,55.480806912631095
47,-42,-13.15431986155922,54.20634770589723
47,-43,-12.715160870714374,52.99263057199831
47,-44,-12.29214038420129,51.83556122514257
47,-45,-11.8841407924131,50.73141112639078
47,-46,-11.490140166497385,49.67677779006648
47,-47,-11.109202032513865,48.668550160413716
47,-48,-10.740466421571472,47.70387831924095
47,-49,-10.383142013549618,46.78014690599366
47,-50,-10.03649922118493,45.894951730677576
47,-51,-9.699864085331772,45.046079141566786
47,-52,-9.372612872072798,44.23148777703615
47,-53,-9.054167278849626,43.44929238681781
47,-54,-8.74399017052768,42.69774945461479
47,-55,-8.441581777804066,41.975244393009184
47,-56,-8.146476300013711,41.280280114338275
47,-57,-7.858238862511812,40.61146680877993
47,-58,-7.576462785672439,39.96751278418079
47,-59,-7.300767128357068,39.34721624189933
47,-60,-7.030794473648326,38.74945787971618
47,-61,-6.766208928855434,38.17319422716934
47,-62,-6.5066943153970564,37.617451630901186
47,-63,-6.251952527251211,37.081320818089175
47,-64,-6.001702039311185,36.563951975042734
47,-65,-5.755676549267741,36.06455028581415
47,-66,-5.513623738606847,35.58237188237919
47,-67,-5.2753041400156055,35.116720163751836
47,-68,-5.040490099965306,34.66694244643889
47,-69,-4.808964826523077,34.23242691302704
47,-70,-4.580521513559462,33.81259982951865
47,-71,-4.354962533492014,33.40692300537517
47,-72,-4.132098691554366,33.01489147315365
47,-73,-3.9117485353227694,32.63603136719065
47,-74,-3.6937377138823533,32.269897983047215
47,-75,-3.477898381585131,31.916074001419982
47,-76,-3.2640686418515297,31.574167861982616
47,-77,-3.052092026906076,31.24381227417908
47,-78,-2.841817009722857,30.92466285337188
47,-79,-2.6330965447944803,30.61639687197735
47,-80,-2.425787634634825,30.318712116314952
47,-81,-2.2197509191856963,30.031325840876985
48,-39,-14.771043167597636,58.386733779172715
48,-40,-14.275996945337026,56.97788331954782
48,-41,-13.801127050382354,55.639196886598754
48,-42,-13.344952303943819,54.36570850720218
48,-43,-12.90612784522954,53.15291592998358
48,-44,-12.483429597239565,51.996727987999144
48,-45,-12.07574080171323,50.893418982547736
48,-46,-11.682040308258816,49.83958901981775
48,-47,-11.301392356301013,48.83212941391964
48,-48,-10.93293763203546,47.86819241760499
48,-49,-10.575885418134662,46.945164662586684
48,-50,-10.229506683102946,46.06064379027733
48,-51,-9.893127981187304,45.21241783521419
48,-52,-9.566126053603636,44.398446990792195
48,-53,-9.24792303831918,43.616847442844794
48,-54,-8.937982209365439,42.86587700320951
48,-55,-8.63580417814194,42.14392231439064
48,-56,-8.340923498810188,41.44948742914135
48,-57,-8.0529056279939,40.78118359633598
48,-58,-7.771344195857903,40.137720107775785
48,-59,-7.495858551447995,39.51789608029691
48,-60,-7.226091550111396,38.920593064315554
48,-61,-6.961707555025694,38.34476838423989
48,-62,-6.702390628460584,37.78944912839888
48,-63,-6.447842891478231,37.25372671661431
48,-64,-6.197783033425447,36.73675198254653
48,-65,-5.951944954850448,36.237730715703876
48,-66,-5.710076529444432,35.75591961470831
48,-67,-5.471938472310229,35.29062260921393
48,-68,-5.237303303335649,34.84118751291341
48,-69,-5.00595439573044,34.40700297444915
48,-70,-4.777685100901008,33.987495696869
48,-71,-4.552297941808979,33.582127899604465
48,-72,-4.329603867808277,33.1903949998747
48,-73,-4.109421564697689,32.81182349298647
48,-74,-3.89157681437526,32.445969013257205
48,-75,-3.6759018990504697,32.09241455927914
48,-76,-3.4622350454694923,31.750768868999515
48,-77,-3.2504199050471745,31.42066493164816
48,-78,-3.0403050661842674,31.101758624924795
48,-79,-2.8317435953862136,30.793727467085482
48,-80,-2.6245926040961414,30.496269474662878
48,-81,-2.418712838414245,30.20910211753244
49,-39,-14.956089045282532,58.52524403933671
49,-40,-14.46157101095913,57.11789674807193
49,-41,-13.98720777687567,55.78063862220571
49,-42,-13.531519744581178,54.50850898704338
49,-43,-13.09316348817857,53.29701039487269
49,-44,-12.670916236692829,52.14205604380694
49,-45,-12.263662423384817,51.039924210266946
49,-46,-11.870381987375893,49.987218627946646
49,-47,-11.490140166497383,48.98083392775862
49,-48,-11.122078563786976,48.01792540084902
49,-49,-10.765407305570433,47.09588246725545
49,-50,-10.41939813818983,46.2123053315791
49,-51,-10.083378334422882,45.364984388406455
49,-52,-9.756725300469405,44.55188200749744
49,-53,-9.438861790844621,43.771116384614785
49,-54,-9.129251652238045,43.02094719041797
49,-55,-8.827396028870233,42.29976278877777
49,-56,-8.532829971508583,41.606068828543314
49,-57,-8.245119400411445,40.938478040312376
49,-58,-7.963858379318606,40.295701093003096
49,-59,-7.688666663410137,39.67653838472997
49,-60,-7.419187489087576,39.07987265923527
49,-61,-7.155085577635112,38.50466235340647
49,-62,-6.89604532841117,37.94993559361745
49,-63,-6.641769180298848,37.4147847690966
49,-64,-6.391976122788449,36.89836161951953
49,-65,-6.146400340342122,36.399872781774825
49,-66,-5.904789975656391,35.91857574754739
49,-67,-5.666905999138334,35.45377518916135
49,-68,-5.432521173384899,35.004819616157334
49,-69,-5.2014191027350885,34.57109832945711
49,-70,-4.973393359078344,34.15203864378581
49,-71,-4.748246676073765,33.74710335235815
49,-72,-4.525790204782239,33.355788410756226
49,-73,-4.305842824455144,32.97762081949106
49,-74,-4.088230502871952,32.61215668699459
49,-75,-3.8727857011880964,32.25897945677736
49,-76,-3.659346818753184,31.917698284242324
49,-77,-3.447757673797671,31.58794655020026
49,-78,-3.2378670162704175,31.26938049951105
49,-79,-3.029528069447077,30.9616779945016
49,-80,-2.822598097225248,30.66453737390482
49,-81,-2.6169379942816176,30.37767640904076
49,-82,-2.4124118964932113,30.100831349836863
50,-39,-15.136579153361339,58.645926943219536
50,-40,-14.642739941958919,57.24051151193312
50,-41,-14.169027864383029,55.90508903492918
50,-42,-13.713965353221571,54.63470564701138
50,-43,-13.276210826692786,53.424870074095814
50,-44,-12.854543192314473,52.27150112423238
50,-45,-12.447848414681484,51.17088218263689
50,-46,-12.05510783314864,50.11962164504441
50,-47,-11.675387968691561,49.11461840509523
50,-48,-11.307831602665983,48.1530316588559
50,-49,-10.951649945654092,47.23225440989666
50,-50,-10.606115743668846,46.34989015700822
50,-51,-10.27055719293792,45.50373232789356
50,-52,-9.94435255429313,44.69174608935944
50,-53,-9.626925374632268,43.91205222031371
50,-54,-9.317740236620342,43.16291278035899
50,-55,-9.016298969255226,42.44271834565242
50,-56,-8.722137261538284,41.749976616333065
50,-57,-8.434821629587367,41.083302227297764
50,-58,-8.153946694369338,40.44140761732427
50,-59,-7.879132733024821,39.823094831215776
50,-60,-7.6100234716833,39.227248146367764
50,-61,-7.346284091864721,38.65282742941718
50,-62,-7.087599426151226,38.09886214082493
50,-63,-6.833672321886889,37.56444591569308
50,-64,-6.584222154303989,37.04873165810076
50,-65,-6.3389834727486125,36.550927093982956
50,-66,-6.097704765640786,36.07029073426273
50,-67,-5.860147331502545,35.60612820573771
50,-68,-5.626084244858725,35.15778891224687
50,-69,-5.395299407093765,34.72466299301617
50,-70,-5.167586673460162,34.3061785488935
50,-71,-4.942749048403716,33.90179911051517
50,-72,-4.72059794221751,33.51102132536306
50,-73,-4.500952482776629,33.13337284323264
50,-74,-4.2836388767538915,32.76841038188407
50,-75,-4.068489815284625,32.41571795663328
50,-76,-3.8553439195469967,32.07490525939406
50,-77,-3.644045222161553,31.745606174233867
50,-78,-3.434442680697493,31.42747741788387
50,-79,-3.226389719910288,31.12019729486808
50,-80,-3.019743799630817,30.823464558008627
50,-81,-2.8143660054850845,30.536997366039717
50,-82,-2.6101206598502493,30.260532330937483
